<?xml version="1.0" encoding="UTF-8"?>
<PE_PROJECT_SETTINGS_DOCUMENTATION>
  <PE_product_version v="version 10.5 for Freescale Microcontrollers" />
  <PE_core_version v="Processor Expert Version 0521" />
  <CPU_Bean name="Cpu" type="MK64FN1M0LL12">
    <Enabled v="Y" />
    <Properties>
      <Component_name v="Cpu" />
      <CPU_type v="MK64FN1M0VLL12" />
      <group name="Low power mode settings">
        <EmptySection_DummyValue />
      </group>
      <group name="Common settings">
        <Initialization_priority v="minimal priority" />
        <Watchdog_disable v="yes" />
        <Utilize_after_reset_values v="default" />
      </group>
    </Properties>
    <Methods>
      <EmptySection_DummyValue />
    </Methods>
    <Events>
      <Event_module_name v="Events" />
    </Events>
    <Compiler v="GNU C Compiler" />
    <CompilerProperties>
      <Compiler v="GNU C Compiler" />
      <enumgroup name="Unhandled vectors" v="One handler for all">
        <EmptySection_DummyValue />
      </enumgroup>
      <boolgroup name="Generate debugger files" v="no" />
      <group name="Startup">
        <Add_startup_file v="yes" />
      </group>
      <boolgroup name="Generate linker file" v="yes">
        <Stack_size v="1024" />
        <Heap_size v="0" />
        <Set_memory_segments_to_default v="Click to set default &amp;gt;" />
        <Default_memory_for_interrupts v="INTERNAL FLASH" />
        <Default_memory_for_code v="INTERNAL FLASH" />
        <Default_memory_for_data v="INTERNAL RAM" />
        <list name="ROM/RAM Areas" v="5">
          <group name="MemoryArea0">
            <boolgroup name="ROM/RAM Area" v="Enabled">
              <Name v="m_interrupts" />
              <Qualifier v="RX" />
              <Address v="0" />
              <Size v="408" />
            </boolgroup>
          </group>
          <group name="MemoryArea1">
            <boolgroup name="ROM/RAM Area" v="Disabled" />
          </group>
          <group name="MemoryArea2">
            <boolgroup name="ROM/RAM Area" v="Enabled">
              <Name v="m_text" />
              <Qualifier v="RX" />
              <Address v="1040" />
              <Size v="1047536" />
            </boolgroup>
          </group>
          <group name="MemoryArea3">
            <boolgroup name="ROM/RAM Area" v="Enabled">
              <Name v="m_data_1FFF0000" />
              <Qualifier v="RW" />
              <Address v="536805376" />
              <Size v="65536" />
            </boolgroup>
          </group>
          <group name="MemoryArea4">
            <boolgroup name="ROM/RAM Area" v="Enabled">
              <Name v="m_data" />
              <Qualifier v="RW" />
              <Address v="536870912" />
              <Size v="196608" />
            </boolgroup>
          </group>
        </list>
      </boolgroup>
    </CompilerProperties>
  </CPU_Bean>
  <Bean name="Pins1" type="PinSettings">
    <Enabled v="Y" />
    <Properties>
      <Component_name v="Pins1" />
      <PinSettings_IP_Block v="PinSettings" />
      <Processor v="MK64FN1M0LL12" />
    </Properties>
    <Methods>
      <EmptySection_DummyValue />
    </Methods>
    <Events>
      <EmptySection_DummyValue />
    </Events>
  </Bean>
  <Bean name="FRTOS1" type="FreeRTOS">
    <Enabled v="Y" />
    <Properties>
      <Component_name v="FRTOS1" />
      <RTOS_Version v="V10.2.1" />
      <SDK v="MCUC1" />
      <boolgroup name="Kinetis SDK" v="Disabled" />
      <group name="Custom Port">
        <Compiler v="automatic" />
        <boolgroup name="Source Folders" v="Disabled" />
        <boolgroup name="Custom portBASE_TYPE" v="Disabled" />
      </group>
      <Classic_CodeWarrior v="no" />
      <Disabled_Interrupts_in_Startup v="yes" />
      <configASSERT v="yes" />
      <Application_Task_Tags v="no" />
      <Thread_Local_Storage_Pointers v="0" />
      <Use_Trace_Facility v="no" />
      <group name="Debug Helpers">
        <Enable_GDB_Debug_Helper v="no" />
        <Backward_Compatibility v="no" />
        <LinkTimeOptimizer_Helper v="yes" />
        <uxTopUsedPriority v="yes" />
        <Heap_Indication_Constant v="yes" />
        <Task_C_Additions v="yes" />
        <Record_Stack_High_Address v="yes" />
      </group>
      <boolgroup name="Segger System Viewer Trace" v="Disabled" />
      <boolgroup name="Percepio Trace" v="Disabled" />
      <Custom_FreeRTOSConfig_h v="// #include &amp;quot;CustomFreeRTOSSettings.h" />
      <boolgroup name="Generate Runtime Statistics" v="Disabled" />
      <group name="Scheduler">
        <boolgroup name="ColdFire V1" v="Disabled" />
        <boolgroup name="ColdFire V2" v="Disabled" />
        <boolgroup name="ARM Cortex-M" v="Enabled">
          <ARM_Family v="Cortex-M4" />
          <Max_SysCall_Interrupt_Priority v="5" />
          <RTOS_Interrupt_Priority v="15" />
          <Lowest_Interrupt_Priority v="15" />
          <Compiler_Optimization_Level v="0" />
          <Reset_MSP v="yes" />
          <MPU v="no" />
          <boolgroup name="SysTick" v="Enabled">
            <Core_Clock v="yes" />
          </boolgroup>
          <boolgroup name="Low Power Timer" v="Disabled" />
        </boolgroup>
        <boolgroup name="non-LDD SWI" v="Disabled" />
        <Preemptive v="yes" />
        <Optimized_Task_Selection v="yes" />
        <Time_Slicing v="yes" />
        <Use_Co_Routines v="no" />
        <Idle_should_yield v="yes" />
        <Task_Name_Length v="12" />
        <Minimal_Stack_Size v="200" />
        <Maximum_Priorities v="6" />
        <Maximum_Coroutine_Priorities v="2" />
        <Stackoverflow_checking_method v="Method 1" />
        <Cleanup_Resources v="yes" />
        <TaskExitError_Handler v="no" />
      </group>
      <group name="Ticks">
        <boolgroup name="Tickless Idle Mode" v="Disabled" />
        <Tick_Rate__Hz_ v="100" />
        <Use_16bit_ticks v="no" />
        <boolgroup name="non-LDD Tick" v="Disabled" />
        <boolgroup name="LDD Tick" v="Disabled" />
      </group>
      <group name="Queues">
        <Queue_Registry_Size v="5" />
        <Queue_Sets v="no" />
      </group>
      <group name="Semaphores and Mutexes">
        <Use_Mutexes v="yes" />
        <Use_Recursive_Mutexes v="yes" />
      </group>
      <boolgroup name="Timers" v="Disabled" />
      <group name="Memory">
        <boolgroup name="Dynamic Allocation" v="Enabled">
          <Application_allocated_Heap v="no" />
          <Heap_Size v="8192" />
          <Linker_Heap_Base_Symbol v="__HeapBase" />
          <Linker_Heap_Limit_Symbol v="__HeapLimit" />
          <Linker_Heap_Size_Symbol v="__heap_size" />
          <Memory_Allocation_Scheme v="Scheme 4: merge free blocks" />
        </boolgroup>
        <boolgroup name="Static Allocation" v="Disabled" />
        <boolgroup name="User Memory Section" v="Disabled" />
      </group>
      <group name="RTOS Adaptor">
        <group name="Memory allocation">
          <boolgroup name="User function for memory allocation" v="no" />
          <boolgroup name="User function for memory deallocation" v="no" />
        </group>
        <group name="Critical section">
          <boolgroup name="User function for entering critical section" v="no" />
          <boolgroup name="User function for exiting critical section" v="no" />
        </group>
      </group>
      <boolgroup name="Shell" v="Disabled" />
      <Utility v="UTIL1" />
    </Properties>
    <Methods>
      <xTaskCreate v="generate code" />
      <xTaskCreateStatic v="generate code" />
      <vTaskDelete v="don&amp;apos;t generate code" />
      <vTaskStartScheduler v="generate code" />
      <vTaskEndScheduler v="don&amp;apos;t generate code" />
      <vTaskSuspend v="generate code" />
      <vTaskSuspendAll v="generate code" />
      <vTaskResume v="generate code" />
      <xTaskResumeAll v="generate code" />
      <xTaskResumeFromISR v="generate code" />
      <vTaskStepTick v="don&amp;apos;t generate code" />
      <xTaskAbortDelay v="don&amp;apos;t generate code" />
      <taskYIELD v="generate code" />
      <taskENTER_CRITICAL v="generate code" />
      <taskEXIT_CRITICAL v="generate code" />
      <taskDISABLE_INTERRUPTS v="generate code" />
      <taskENABLE_INTERRUPTS v="generate code" />
      <vTaskDelay v="generate code" />
      <vTaskDelayUntil v="generate code" />
      <uxTaskPriorityGet v="generate code" />
      <xTaskGetTickCount v="generate code" />
      <xTaskGetTickCountFromISR v="generate code" />
      <vTaskPrioritySet v="generate code" />
      <xSemaphoreCreateBinary v="generate code" />
      <xSemaphoreCreateBinaryStatic v="generate code" />
      <xSemaphoreCreateCounting v="generate code" />
      <xSemaphoreCreateCountingStatic v="generate code" />
      <xSemaphoreGive v="generate code" />
      <xSemaphoreTake v="generate code" />
      <uxSemaphoreGetCount v="generate code" />
      <xSemaphoreGiveFromISR v="generate code" />
      <xSemaphoreTakeFromISR v="generate code" />
      <xSemaphoreGetMutexHolder v="generate code" />
      <xSemaphoreCreateMutex v="generate code" />
      <xSemaphoreCreateMutexStatic v="generate code" />
      <xSemaphoreCreateRecursiveMutex v="generate code" />
      <xSemaphoreCreateRecursiveMutexStatic v="generate code" />
      <xSemaphoreTakeRecursive v="generate code" />
      <xSemaphoreGiveRecursive v="generate code" />
      <vSemaphoreDelete v="generate code" />
      <pvPortMalloc v="generate code" />
      <vPortFree v="generate code" />
      <xPortGetFreeHeapSize v="generate code" />
      <vTaskSetApplicationTaskTag v="don&amp;apos;t generate code" />
      <xTaskGetApplicationTaskTag v="don&amp;apos;t generate code" />
      <xTaskCallApplicationTaskHook v="don&amp;apos;t generate code" />
      <xTaskGetCurrentTaskHandle v="generate code" />
      <xTaskGetIdleTaskHandle v="generate code" />
      <xTaskGetHandle v="generate code" />
      <pcTaskGetTaskName v="generate code" />
      <eTaskGetState v="don&amp;apos;t generate code" />
      <xTaskGetSchedulerState v="generate code" />
      <vTaskList v="don&amp;apos;t generate code" />
      <uxTaskGetStackHighWaterMark v="generate code" />
      <uxTaskGetNumberOfTasks v="generate code" />
      <vTaskGetRunTimeStats v="don&amp;apos;t generate code" />
      <uxQueueMessagesWaiting v="generate code" />
      <uxQueueMessagesWaitingfromISR v="generate code" />
      <xQueueCreate v="generate code" />
      <xQueueCreateStatic v="generate code" />
      <vQueueDelete v="generate code" />
      <xQueueReset v="generate code" />
      <xQueueSendToBack v="generate code" />
      <xQueueSendToFront v="generate code" />
      <xQueueReceive v="generate code" />
      <xQueueOverwrite v="generate code" />
      <xQueueOverwriteFromISR v="generate code" />
      <xQueuePeek v="generate code" />
      <xQueuePeekFromISR v="generate code" />
      <xQueueSendToBackFromISR v="generate code" />
      <xQueueSendToFrontFromISR v="generate code" />
      <xQueueReceiveFromISR v="generate code" />
      <vQueueAddToRegistry v="generate code" />
      <vQueueUnregisterQueue v="generate code" />
      <xQueueIsQueueFullFromISR v="generate code" />
      <xQueueIsQueueEmptyFromISR v="generate code" />
      <xQueueCreateSet v="don&amp;apos;t generate code" />
      <xQueueAddToSet v="don&amp;apos;t generate code" />
      <xQueueRemoveFromSet v="don&amp;apos;t generate code" />
      <xQueueSelectFromSet v="don&amp;apos;t generate code" />
      <xQueueSelectFromSetFromISR v="don&amp;apos;t generate code" />
      <xEventGroupCreate v="generate code" />
      <xEventGroupCreateStatic v="generate code" />
      <xEventGroupWaitBits v="generate code" />
      <xEventGroupSetBits v="generate code" />
      <xEventGroupSetBitsFromISR v="generate code" />
      <xEventGroupClearBits v="generate code" />
      <xEventGroupClearBitsFromISR v="generate code" />
      <xEventGroupGetBits v="generate code" />
      <xEventGroupGetBitsFromISR v="generate code" />
      <xEventGroupSync v="generate code" />
      <xTimerCreate v="generate code" />
      <xTimerCreateStatic v="don&amp;apos;t generate code" />
      <xTimerIsTimerActive v="generate code" />
      <xTimerStart v="generate code" />
      <xTimerStop v="generate code" />
      <xTimerChangePeriod v="generate code" />
      <xTimerDelete v="generate code" />
      <xTimerReset v="generate code" />
      <xTimerStartFromISR v="generate code" />
      <xTimerStopFromISR v="generate code" />
      <xTimerChangePeriodFromISR v="generate code" />
      <xTimerResetFromISR v="generate code" />
      <pvTimerGetTimerID v="generate code" />
      <xTimerGetTimerDaemonTaskHandle v="generate code" />
      <pcTimerGetTimerName v="generate code" />
      <xTimerPendFunctionCall v="generate code" />
      <xTimerPendFunctionCallFromISR v="generate code" />
      <xTaskNotifyGive v="generate code" />
      <vTaskNotifyGiveFromISR v="generate code" />
      <ulTaskNotifyTake v="generate code" />
      <xTaskNotify v="generate code" />
      <xTaskNotifyFromISR v="generate code" />
      <xTaskNotifyAndQuery v="generate code" />
      <xTaskNotifyAndQueryFromISR v="generate code" />
      <xTaskNotifyWait v="generate code" />
      <xTaskNotifyStateClear v="generate code" />
      <vTaskSetThreadLocalStoragePointer v="generate code" />
      <pvTaskGetThreadLocalStoragePointer v="generate code" />
      <pcTaskGetName v="generate code" />
      <vTaskGetInfo v="generate code" />
      <ParseCommand v="don&amp;apos;t generate code" />
      <AppConfigureTimerForRuntimeStats v="generate code" />
      <AppGetRuntimeCounterValueFromISR v="generate code" />
      <Deinit v="generate code" />
      <Init v="generate code" />
    </Methods>
    <Events>
      <Event_module_name v="Events" />
      <event name="vApplicationStackOverflowHook" v="generate code">
        <Event_procedure_name v="FRTOS1_vApplicationStackOverflowHook" />
      </event>
      <event name="vApplicationTickHook" v="generate code">
        <Event_procedure_name v="FRTOS1_vApplicationTickHook" />
      </event>
      <event name="vApplicationIdleHook" v="generate code">
        <Event_procedure_name v="FRTOS1_vApplicationIdleHook" />
      </event>
      <event name="vApplicationMallocFailedHook" v="generate code">
        <Event_procedure_name v="FRTOS1_vApplicationMallocFailedHook" />
      </event>
      <event name="vOnPreSleepProcessing" v="generate code">
        <Event_procedure_name v="FRTOS1_vOnPreSleepProcessing" />
      </event>
      <event name="vOnPostSleepProcessing" v="generate code">
        <Event_procedure_name v="FRTOS1_vOnPostSleepProcessing" />
      </event>
    </Events>
  </Bean>
  <Bean name="MCUC1" type="McuLibConfig">
    <Enabled v="Y" />
    <Properties>
      <Component_name v="MCUC1" />
      <SDK v="Processor Expert" />
      <SDK_Major_Version v="2" />
      <SDK_Minor_Version v="5" />
      <SDK_Build_Version v="0" />
      <Config_Files_Folder v="" />
    </Properties>
    <Methods>
      <Init v="generate code" />
      <Deinit v="generate code" />
    </Methods>
    <Events>
      <EmptySection_DummyValue />
    </Events>
  </Bean>
  <Bean name="UTIL1" type="Utility">
    <Enabled v="Y" />
    <Properties>
      <Component_name v="UTIL1" />
      <SDK v="MCUC1" />
    </Properties>
    <Methods>
      <strcpy v="generate code" />
      <strcat v="generate code" />
      <strcatPad v="generate code" />
      <chcat v="generate code" />
      <Num8sToStr v="generate code" />
      <Num8uToStr v="generate code" />
      <Num16sToStr v="generate code" />
      <Num16uToStr v="generate code" />
      <Num32uToStr v="generate code" />
      <Num32sToStr v="generate code" />
      <NumFloatToStr v="generate code" />
      <Num16sToStrFormatted v="generate code" />
      <Num16uToStrFormatted v="generate code" />
      <Num32uToStrFormatted v="generate code" />
      <Num32sToStrFormatted v="generate code" />
      <strcatNum8u v="generate code" />
      <strcatNum8s v="generate code" />
      <strcatNum16u v="generate code" />
      <strcatNum16s v="generate code" />
      <strcatNum32u v="generate code" />
      <strcatNum32s v="generate code" />
      <strcatNum16uFormatted v="generate code" />
      <strcatNum16sFormatted v="generate code" />
      <strcatNum32uFormatted v="generate code" />
      <strcatNum32sFormatted v="generate code" />
      <strcatNumHex v="generate code" />
      <strcatNum8Hex v="generate code" />
      <strcatNum16Hex v="generate code" />
      <strcatNum24Hex v="generate code" />
      <strcatNum32Hex v="generate code" />
      <strcatNum32sDotValue100 v="generate code" />
      <strcatNumFloat v="generate code" />
      <IsLeapYear v="generate code" />
      <WeekDay v="generate code" />
      <ReadEscapedName v="generate code" />
      <xatoi v="generate code" />
      <ScanDate v="generate code" />
      <ScanTime v="generate code" />
      <ScanDecimal8uNumber v="generate code" />
      <ScanDecimal8sNumber v="generate code" />
      <ScanDecimal16uNumber v="generate code" />
      <ScanDecimal16sNumber v="generate code" />
      <ScanDecimal32uNumber v="generate code" />
      <ScanDecimal32sNumber v="generate code" />
      <ScanDecimal32sDotNumber v="generate code" />
      <ScanHex8uNumber v="generate code" />
      <ScanHex8uNumberNoPrefix v="generate code" />
      <ScanHex16uNumber v="generate code" />
      <ScanHex32uNumber v="generate code" />
      <ScanSeparatedNumbers v="generate code" />
      <ScanDoubleQuotedString v="generate code" />
      <strcmp v="generate code" />
      <strncmp v="generate code" />
      <strFind v="generate code" />
      <strtailcmp v="generate code" />
      <strlen v="generate code" />
      <strCutTail v="generate code" />
      <GetValue16LE v="generate code" />
      <GetValue24LE v="generate code" />
      <GetValue32LE v="generate code" />
      <SetValue16LE v="generate code" />
      <SetValue24LE v="generate code" />
      <SetValue32LE v="generate code" />
      <map v="generate code" />
      <map64 v="generate code" />
      <constrain v="generate code" />
      <random v="generate code" />
      <randomSetSeed v="generate code" />
      <Deinit v="generate code" />
      <Init v="generate code" />
    </Methods>
    <Events>
      <EmptySection_DummyValue />
    </Events>
  </Bean>
  <Bean name="LED1" type="LED">
    <Enabled v="Y" />
    <Properties>
      <Component_name v="LED1" />
      <SDK v="MCUC1" />
      <Turned_On_with_initialization v="no" />
      <group name="HW Interface">
        <Anode_on_port_side__HIGH_is_ON v="no" />
        <boolgroup name="On/Off" v="Enabled">
          <inhrbean type="BitIO">
            <Enabled v="Y" />
            <Template v="LEDpin" />
            <Properties>
              <Component_name v="LEDpin1" />
              <Pin_for_I_O v="LEDRGB_BLUE" />
              <inhrbean type="BitIO_LDD">
                <Enabled v="Y" />
                <Template v="BitIO_LDD" />
                <Properties>
                  <Component_name v="BitIoLdd1" />
                  <Pin_for_I_O v="LEDRGB_BLUE" />
                  <Direction v="Output" />
                  <group name="Initialization">
                    <Init__direction v="Output" />
                    <Init__value v="0" />
                    <Auto_initialization v="yes" />
                  </group>
                  <Safe_mode v="yes" />
                </Properties>
                <Methods>
                  <Init v="generate code" />
                  <Deinit v="don&amp;apos;t generate code" />
                  <GetDir v="don&amp;apos;t generate code" />
                  <SetDir v="don&amp;apos;t generate code" />
                  <SetInput v="don&amp;apos;t generate code" />
                  <SetOutput v="don&amp;apos;t generate code" />
                  <GetVal v="generate code" />
                  <PutVal v="don&amp;apos;t generate code" />
                  <ClrVal v="generate code" />
                  <SetVal v="generate code" />
                  <NegVal v="generate code" />
                  <ConnectPin v="don&amp;apos;t generate code" />
                  <GetRawVal v="don&amp;apos;t generate code" />
                </Methods>
                <Events>
                  <EmptySection_DummyValue />
                </Events>
              </inhrbean>
              <Direction v="Output" />
              <group name="Initialization">
                <Init__direction v="Output" />
                <Init__value v="0" />
              </group>
              <Safe_mode v="yes" />
              <Optimization_for v="speed" />
            </Properties>
            <Methods>
              <GetDir v="don&amp;apos;t generate code" />
              <SetDir v="don&amp;apos;t generate code" />
              <SetInput v="don&amp;apos;t generate code" />
              <SetOutput v="don&amp;apos;t generate code" />
              <GetVal v="generate code" />
              <PutVal v="don&amp;apos;t generate code" />
              <ClrVal v="generate code" />
              <SetVal v="generate code" />
              <NegVal v="generate code" />
              <ConnectPin v="don&amp;apos;t generate code" />
              <GetRawVal v="don&amp;apos;t generate code" />
            </Methods>
            <Events>
              <EmptySection_DummyValue />
            </Events>
          </inhrbean>
        </boolgroup>
        <boolgroup name="PWM" v="Disabled" />
      </group>
      <boolgroup name="Shell" v="Disabled" />
    </Properties>
    <Methods>
      <On v="generate code" />
      <Off v="generate code" />
      <Neg v="generate code" />
      <Get v="generate code" />
      <Put v="generate code" />
      <SetRatio16 v="generate code" />
      <ParseCommand v="don&amp;apos;t generate code" />
      <Deinit v="generate code" />
      <Init v="generate code" />
    </Methods>
    <Events>
      <EmptySection_DummyValue />
    </Events>
  </Bean>
  <Bean name="LED2" type="LED">
    <Enabled v="Y" />
    <Properties>
      <Component_name v="LED2" />
      <SDK v="MCUC1" />
      <Turned_On_with_initialization v="no" />
      <group name="HW Interface">
        <Anode_on_port_side__HIGH_is_ON v="no" />
        <boolgroup name="On/Off" v="Enabled">
          <inhrbean type="BitIO">
            <Enabled v="Y" />
            <Template v="LEDpin" />
            <Properties>
              <Component_name v="LEDpin2" />
              <Pin_for_I_O v="J2_1/LEDRGB_GREEN" />
              <inhrbean type="BitIO_LDD">
                <Enabled v="Y" />
                <Template v="BitIO_LDD" />
                <Properties>
                  <Component_name v="BitIoLdd2" />
                  <Pin_for_I_O v="J2_1/LEDRGB_GREEN" />
                  <Direction v="Output" />
                  <group name="Initialization">
                    <Init__direction v="Output" />
                    <Init__value v="0" />
                    <Auto_initialization v="yes" />
                  </group>
                  <Safe_mode v="yes" />
                </Properties>
                <Methods>
                  <Init v="generate code" />
                  <Deinit v="don&amp;apos;t generate code" />
                  <GetDir v="don&amp;apos;t generate code" />
                  <SetDir v="don&amp;apos;t generate code" />
                  <SetInput v="don&amp;apos;t generate code" />
                  <SetOutput v="don&amp;apos;t generate code" />
                  <GetVal v="generate code" />
                  <PutVal v="don&amp;apos;t generate code" />
                  <ClrVal v="generate code" />
                  <SetVal v="generate code" />
                  <NegVal v="generate code" />
                  <ConnectPin v="don&amp;apos;t generate code" />
                  <GetRawVal v="don&amp;apos;t generate code" />
                </Methods>
                <Events>
                  <EmptySection_DummyValue />
                </Events>
              </inhrbean>
              <Direction v="Output" />
              <group name="Initialization">
                <Init__direction v="Output" />
                <Init__value v="0" />
              </group>
              <Safe_mode v="yes" />
              <Optimization_for v="speed" />
            </Properties>
            <Methods>
              <GetDir v="don&amp;apos;t generate code" />
              <SetDir v="don&amp;apos;t generate code" />
              <SetInput v="don&amp;apos;t generate code" />
              <SetOutput v="don&amp;apos;t generate code" />
              <GetVal v="generate code" />
              <PutVal v="don&amp;apos;t generate code" />
              <ClrVal v="generate code" />
              <SetVal v="generate code" />
              <NegVal v="generate code" />
              <ConnectPin v="don&amp;apos;t generate code" />
              <GetRawVal v="don&amp;apos;t generate code" />
            </Methods>
            <Events>
              <EmptySection_DummyValue />
            </Events>
          </inhrbean>
        </boolgroup>
        <boolgroup name="PWM" v="Disabled" />
      </group>
      <boolgroup name="Shell" v="Disabled" />
    </Properties>
    <Methods>
      <On v="generate code" />
      <Off v="generate code" />
      <Neg v="generate code" />
      <Get v="generate code" />
      <Put v="generate code" />
      <SetRatio16 v="generate code" />
      <ParseCommand v="don&amp;apos;t generate code" />
      <Deinit v="generate code" />
      <Init v="generate code" />
    </Methods>
    <Events>
      <EmptySection_DummyValue />
    </Events>
  </Bean>
  <Bean name="LED3" type="LED">
    <Enabled v="Y" />
    <Properties>
      <Component_name v="LED3" />
      <SDK v="MCUC1" />
      <Turned_On_with_initialization v="no" />
      <group name="HW Interface">
        <Anode_on_port_side__HIGH_is_ON v="no" />
        <boolgroup name="On/Off" v="Enabled">
          <inhrbean type="BitIO">
            <Enabled v="Y" />
            <Template v="LEDpin" />
            <Properties>
              <Component_name v="LEDpin3" />
              <Pin_for_I_O v="LEDRGB_RED" />
              <inhrbean type="BitIO_LDD">
                <Enabled v="Y" />
                <Template v="BitIO_LDD" />
                <Properties>
                  <Component_name v="BitIoLdd3" />
                  <Pin_for_I_O v="LEDRGB_RED" />
                  <Direction v="Output" />
                  <group name="Initialization">
                    <Init__direction v="Output" />
                    <Init__value v="0" />
                    <Auto_initialization v="yes" />
                  </group>
                  <Safe_mode v="yes" />
                </Properties>
                <Methods>
                  <Init v="generate code" />
                  <Deinit v="don&amp;apos;t generate code" />
                  <GetDir v="don&amp;apos;t generate code" />
                  <SetDir v="don&amp;apos;t generate code" />
                  <SetInput v="don&amp;apos;t generate code" />
                  <SetOutput v="don&amp;apos;t generate code" />
                  <GetVal v="generate code" />
                  <PutVal v="don&amp;apos;t generate code" />
                  <ClrVal v="generate code" />
                  <SetVal v="generate code" />
                  <NegVal v="generate code" />
                  <ConnectPin v="don&amp;apos;t generate code" />
                  <GetRawVal v="don&amp;apos;t generate code" />
                </Methods>
                <Events>
                  <EmptySection_DummyValue />
                </Events>
              </inhrbean>
              <Direction v="Output" />
              <group name="Initialization">
                <Init__direction v="Output" />
                <Init__value v="0" />
              </group>
              <Safe_mode v="yes" />
              <Optimization_for v="speed" />
            </Properties>
            <Methods>
              <GetDir v="don&amp;apos;t generate code" />
              <SetDir v="don&amp;apos;t generate code" />
              <SetInput v="don&amp;apos;t generate code" />
              <SetOutput v="don&amp;apos;t generate code" />
              <GetVal v="generate code" />
              <PutVal v="don&amp;apos;t generate code" />
              <ClrVal v="generate code" />
              <SetVal v="generate code" />
              <NegVal v="generate code" />
              <ConnectPin v="don&amp;apos;t generate code" />
              <GetRawVal v="don&amp;apos;t generate code" />
            </Methods>
            <Events>
              <EmptySection_DummyValue />
            </Events>
          </inhrbean>
        </boolgroup>
        <boolgroup name="PWM" v="Disabled" />
      </group>
      <boolgroup name="Shell" v="Disabled" />
    </Properties>
    <Methods>
      <On v="generate code" />
      <Off v="generate code" />
      <Neg v="generate code" />
      <Get v="generate code" />
      <Put v="generate code" />
      <SetRatio16 v="generate code" />
      <ParseCommand v="don&amp;apos;t generate code" />
      <Deinit v="generate code" />
      <Init v="generate code" />
    </Methods>
    <Events>
      <EmptySection_DummyValue />
    </Events>
  </Bean>
  <Bean name="LCD1" type="LCDHTA">
    <Enabled v="Y" />
    <Properties>
      <Component_name v="LCD1" />
      <group name="HW Interface">
        <LCD_Type v="generic" />
        <LCD_Lines v="2" />
        <Characters_per_Line v="16" />
        <group name="Line Addresses">
          <Line_1 v="0" />
          <Line_2 v="64" />
          <Line_3 v="16" />
          <Line_4 v="80" />
        </group>
        <boolgroup name="LCD Enable Signal" v="Disabled" />
        <boolgroup name="Read from Display" v="Enabled">
          <inhrbean type="BitIO">
            <Enabled v="Y" />
            <Template v="CtrlPin" />
            <Properties>
              <Component_name v="RW1" />
              <Pin_for_I_O v="J1_13" />
              <inhrbean type="BitIO_LDD">
                <Enabled v="Y" />
                <Template v="BitIO_LDD" />
                <Properties>
                  <Component_name v="BitIoLdd14" />
                  <Pin_for_I_O v="J1_13" />
                  <Direction v="Output" />
                  <group name="Initialization">
                    <Init__direction v="Output" />
                    <Init__value v="0" />
                    <Auto_initialization v="yes" />
                  </group>
                  <Safe_mode v="yes" />
                </Properties>
                <Methods>
                  <Init v="generate code" />
                  <Deinit v="don&amp;apos;t generate code" />
                  <GetDir v="don&amp;apos;t generate code" />
                  <SetDir v="don&amp;apos;t generate code" />
                  <SetInput v="don&amp;apos;t generate code" />
                  <SetOutput v="don&amp;apos;t generate code" />
                  <GetVal v="don&amp;apos;t generate code" />
                  <PutVal v="don&amp;apos;t generate code" />
                  <ClrVal v="generate code" />
                  <SetVal v="generate code" />
                  <NegVal v="don&amp;apos;t generate code" />
                  <ConnectPin v="don&amp;apos;t generate code" />
                  <GetRawVal v="don&amp;apos;t generate code" />
                </Methods>
                <Events>
                  <EmptySection_DummyValue />
                </Events>
              </inhrbean>
              <Direction v="Output" />
              <group name="Initialization">
                <Init__direction v="Output" />
                <Init__value v="0" />
              </group>
              <Safe_mode v="yes" />
              <Optimization_for v="speed" />
            </Properties>
            <Methods>
              <GetDir v="don&amp;apos;t generate code" />
              <SetDir v="don&amp;apos;t generate code" />
              <SetInput v="don&amp;apos;t generate code" />
              <SetOutput v="don&amp;apos;t generate code" />
              <GetVal v="don&amp;apos;t generate code" />
              <PutVal v="don&amp;apos;t generate code" />
              <ClrVal v="generate code" />
              <SetVal v="generate code" />
              <NegVal v="don&amp;apos;t generate code" />
              <ConnectPin v="don&amp;apos;t generate code" />
              <GetRawVal v="don&amp;apos;t generate code" />
            </Methods>
            <Events>
              <EmptySection_DummyValue />
            </Events>
          </inhrbean>
          <Check_Busy_Flag v="yes" />
        </boolgroup>
        <Wait__us_ v="0" />
        <inhrbean type="BitIO">
          <Enabled v="Y" />
          <Template v="CtrlPin" />
          <Properties>
            <Component_name v="EN1" />
            <Pin_for_I_O v="J1_14" />
            <inhrbean type="BitIO_LDD">
              <Enabled v="Y" />
              <Template v="BitIO_LDD" />
              <Properties>
                <Component_name v="BitIoLdd4" />
                <Pin_for_I_O v="J1_14" />
                <Direction v="Output" />
                <group name="Initialization">
                  <Init__direction v="Output" />
                  <Init__value v="0" />
                  <Auto_initialization v="yes" />
                </group>
                <Safe_mode v="yes" />
              </Properties>
              <Methods>
                <Init v="generate code" />
                <Deinit v="don&amp;apos;t generate code" />
                <GetDir v="don&amp;apos;t generate code" />
                <SetDir v="don&amp;apos;t generate code" />
                <SetInput v="don&amp;apos;t generate code" />
                <SetOutput v="don&amp;apos;t generate code" />
                <GetVal v="don&amp;apos;t generate code" />
                <PutVal v="don&amp;apos;t generate code" />
                <ClrVal v="generate code" />
                <SetVal v="generate code" />
                <NegVal v="don&amp;apos;t generate code" />
                <ConnectPin v="don&amp;apos;t generate code" />
                <GetRawVal v="don&amp;apos;t generate code" />
              </Methods>
              <Events>
                <EmptySection_DummyValue />
              </Events>
            </inhrbean>
            <Direction v="Output" />
            <group name="Initialization">
              <Init__direction v="Output" />
              <Init__value v="0" />
            </group>
            <Safe_mode v="yes" />
            <Optimization_for v="speed" />
          </Properties>
          <Methods>
            <GetDir v="don&amp;apos;t generate code" />
            <SetDir v="don&amp;apos;t generate code" />
            <SetInput v="don&amp;apos;t generate code" />
            <SetOutput v="don&amp;apos;t generate code" />
            <GetVal v="don&amp;apos;t generate code" />
            <PutVal v="don&amp;apos;t generate code" />
            <ClrVal v="generate code" />
            <SetVal v="generate code" />
            <NegVal v="don&amp;apos;t generate code" />
            <ConnectPin v="don&amp;apos;t generate code" />
            <GetRawVal v="don&amp;apos;t generate code" />
          </Methods>
          <Events>
            <EmptySection_DummyValue />
          </Events>
        </inhrbean>
        <boolgroup name="E2" v="Disabled" />
        <inhrbean type="BitIO">
          <Enabled v="Y" />
          <Template v="CtrlPin" />
          <Properties>
            <Component_name v="RS1" />
            <Pin_for_I_O v="J1_6" />
            <inhrbean type="BitIO_LDD">
              <Enabled v="Y" />
              <Template v="BitIO_LDD" />
              <Properties>
                <Component_name v="BitIoLdd5" />
                <Pin_for_I_O v="J1_6" />
                <Direction v="Output" />
                <group name="Initialization">
                  <Init__direction v="Output" />
                  <Init__value v="0" />
                  <Auto_initialization v="yes" />
                </group>
                <Safe_mode v="yes" />
              </Properties>
              <Methods>
                <Init v="generate code" />
                <Deinit v="don&amp;apos;t generate code" />
                <GetDir v="don&amp;apos;t generate code" />
                <SetDir v="don&amp;apos;t generate code" />
                <SetInput v="don&amp;apos;t generate code" />
                <SetOutput v="don&amp;apos;t generate code" />
                <GetVal v="don&amp;apos;t generate code" />
                <PutVal v="don&amp;apos;t generate code" />
                <ClrVal v="generate code" />
                <SetVal v="generate code" />
                <NegVal v="don&amp;apos;t generate code" />
                <ConnectPin v="don&amp;apos;t generate code" />
                <GetRawVal v="don&amp;apos;t generate code" />
              </Methods>
              <Events>
                <EmptySection_DummyValue />
              </Events>
            </inhrbean>
            <Direction v="Output" />
            <group name="Initialization">
              <Init__direction v="Output" />
              <Init__value v="0" />
            </group>
            <Safe_mode v="yes" />
            <Optimization_for v="speed" />
          </Properties>
          <Methods>
            <GetDir v="don&amp;apos;t generate code" />
            <SetDir v="don&amp;apos;t generate code" />
            <SetInput v="don&amp;apos;t generate code" />
            <SetOutput v="don&amp;apos;t generate code" />
            <GetVal v="don&amp;apos;t generate code" />
            <PutVal v="don&amp;apos;t generate code" />
            <ClrVal v="generate code" />
            <SetVal v="generate code" />
            <NegVal v="don&amp;apos;t generate code" />
            <ConnectPin v="don&amp;apos;t generate code" />
            <GetRawVal v="don&amp;apos;t generate code" />
          </Methods>
          <Events>
            <EmptySection_DummyValue />
          </Events>
        </inhrbean>
        <group name="Data/Control Bus">
          <Data_Control_Bus_Width v="4bit" />
          <boolgroup name="DB0..DB3" v="Disabled" />
          <boolgroup name="DB4..DB7" v="Enabled">
            <inhrbean type="BitIO">
              <Enabled v="Y" />
              <Template v="DBpin" />
              <Properties>
                <Component_name v="DB41" />
                <Pin_for_I_O v="J1_16" />
                <inhrbean type="BitIO_LDD">
                  <Enabled v="Y" />
                  <Template v="BitIO_LDD" />
                  <Properties>
                    <Component_name v="BitIoLdd10" />
                    <Pin_for_I_O v="J1_16" />
                    <Direction v="Input/Output" />
                    <group name="Initialization">
                      <Init__direction v="Output" />
                      <Init__value v="0" />
                      <Auto_initialization v="yes" />
                    </group>
                    <Safe_mode v="yes" />
                  </Properties>
                  <Methods>
                    <Init v="generate code" />
                    <Deinit v="don&amp;apos;t generate code" />
                    <GetDir v="don&amp;apos;t generate code" />
                    <SetDir v="generate code" />
                    <SetInput v="generate code" />
                    <SetOutput v="generate code" />
                    <GetVal v="generate code" />
                    <PutVal v="generate code" />
                    <ClrVal v="generate code" />
                    <SetVal v="generate code" />
                    <NegVal v="don&amp;apos;t generate code" />
                    <ConnectPin v="don&amp;apos;t generate code" />
                    <GetRawVal v="don&amp;apos;t generate code" />
                  </Methods>
                  <Events>
                    <EmptySection_DummyValue />
                  </Events>
                </inhrbean>
                <Direction v="Input/Output" />
                <group name="Initialization">
                  <Init__direction v="Output" />
                  <Init__value v="0" />
                </group>
                <Safe_mode v="yes" />
                <Optimization_for v="speed" />
              </Properties>
              <Methods>
                <GetDir v="don&amp;apos;t generate code" />
                <SetDir v="generate code" />
                <SetInput v="generate code" />
                <SetOutput v="generate code" />
                <GetVal v="generate code" />
                <PutVal v="generate code" />
                <ClrVal v="generate code" />
                <SetVal v="generate code" />
                <NegVal v="don&amp;apos;t generate code" />
                <ConnectPin v="don&amp;apos;t generate code" />
                <GetRawVal v="don&amp;apos;t generate code" />
              </Methods>
              <Events>
                <EmptySection_DummyValue />
              </Events>
            </inhrbean>
            <inhrbean type="BitIO">
              <Enabled v="Y" />
              <Template v="DBpin" />
              <Properties>
                <Component_name v="DB51" />
                <Pin_for_I_O v="J2_4" />
                <inhrbean type="BitIO_LDD">
                  <Enabled v="Y" />
                  <Template v="BitIO_LDD" />
                  <Properties>
                    <Component_name v="BitIoLdd11" />
                    <Pin_for_I_O v="J2_4" />
                    <Direction v="Input/Output" />
                    <group name="Initialization">
                      <Init__direction v="Output" />
                      <Init__value v="0" />
                      <Auto_initialization v="yes" />
                    </group>
                    <Safe_mode v="yes" />
                  </Properties>
                  <Methods>
                    <Init v="generate code" />
                    <Deinit v="don&amp;apos;t generate code" />
                    <GetDir v="don&amp;apos;t generate code" />
                    <SetDir v="generate code" />
                    <SetInput v="generate code" />
                    <SetOutput v="generate code" />
                    <GetVal v="generate code" />
                    <PutVal v="generate code" />
                    <ClrVal v="generate code" />
                    <SetVal v="generate code" />
                    <NegVal v="don&amp;apos;t generate code" />
                    <ConnectPin v="don&amp;apos;t generate code" />
                    <GetRawVal v="don&amp;apos;t generate code" />
                  </Methods>
                  <Events>
                    <EmptySection_DummyValue />
                  </Events>
                </inhrbean>
                <Direction v="Input/Output" />
                <group name="Initialization">
                  <Init__direction v="Output" />
                  <Init__value v="0" />
                </group>
                <Safe_mode v="yes" />
                <Optimization_for v="speed" />
              </Properties>
              <Methods>
                <GetDir v="don&amp;apos;t generate code" />
                <SetDir v="generate code" />
                <SetInput v="generate code" />
                <SetOutput v="generate code" />
                <GetVal v="generate code" />
                <PutVal v="generate code" />
                <ClrVal v="generate code" />
                <SetVal v="generate code" />
                <NegVal v="don&amp;apos;t generate code" />
                <ConnectPin v="don&amp;apos;t generate code" />
                <GetRawVal v="don&amp;apos;t generate code" />
              </Methods>
              <Events>
                <EmptySection_DummyValue />
              </Events>
            </inhrbean>
            <inhrbean type="BitIO">
              <Enabled v="Y" />
              <Template v="DBpin" />
              <Properties>
                <Component_name v="DB61" />
                <Pin_for_I_O v="J2_6" />
                <inhrbean type="BitIO_LDD">
                  <Enabled v="Y" />
                  <Template v="BitIO_LDD" />
                  <Properties>
                    <Component_name v="BitIoLdd12" />
                    <Pin_for_I_O v="J2_6" />
                    <Direction v="Input/Output" />
                    <group name="Initialization">
                      <Init__direction v="Output" />
                      <Init__value v="0" />
                      <Auto_initialization v="yes" />
                    </group>
                    <Safe_mode v="yes" />
                  </Properties>
                  <Methods>
                    <Init v="generate code" />
                    <Deinit v="don&amp;apos;t generate code" />
                    <GetDir v="don&amp;apos;t generate code" />
                    <SetDir v="generate code" />
                    <SetInput v="generate code" />
                    <SetOutput v="generate code" />
                    <GetVal v="generate code" />
                    <PutVal v="generate code" />
                    <ClrVal v="generate code" />
                    <SetVal v="generate code" />
                    <NegVal v="don&amp;apos;t generate code" />
                    <ConnectPin v="don&amp;apos;t generate code" />
                    <GetRawVal v="don&amp;apos;t generate code" />
                  </Methods>
                  <Events>
                    <EmptySection_DummyValue />
                  </Events>
                </inhrbean>
                <Direction v="Input/Output" />
                <group name="Initialization">
                  <Init__direction v="Output" />
                  <Init__value v="0" />
                </group>
                <Safe_mode v="yes" />
                <Optimization_for v="speed" />
              </Properties>
              <Methods>
                <GetDir v="don&amp;apos;t generate code" />
                <SetDir v="generate code" />
                <SetInput v="generate code" />
                <SetOutput v="generate code" />
                <GetVal v="generate code" />
                <PutVal v="generate code" />
                <ClrVal v="generate code" />
                <SetVal v="generate code" />
                <NegVal v="don&amp;apos;t generate code" />
                <ConnectPin v="don&amp;apos;t generate code" />
                <GetRawVal v="don&amp;apos;t generate code" />
              </Methods>
              <Events>
                <EmptySection_DummyValue />
              </Events>
            </inhrbean>
            <inhrbean type="BitIO">
              <Enabled v="Y" />
              <Template v="DBpin" />
              <Properties>
                <Component_name v="DB71" />
                <Pin_for_I_O v="J2_12" />
                <inhrbean type="BitIO_LDD">
                  <Enabled v="Y" />
                  <Template v="BitIO_LDD" />
                  <Properties>
                    <Component_name v="BitIoLdd13" />
                    <Pin_for_I_O v="J2_12" />
                    <Direction v="Input/Output" />
                    <group name="Initialization">
                      <Init__direction v="Output" />
                      <Init__value v="0" />
                      <Auto_initialization v="yes" />
                    </group>
                    <Safe_mode v="yes" />
                  </Properties>
                  <Methods>
                    <Init v="generate code" />
                    <Deinit v="don&amp;apos;t generate code" />
                    <GetDir v="don&amp;apos;t generate code" />
                    <SetDir v="generate code" />
                    <SetInput v="generate code" />
                    <SetOutput v="generate code" />
                    <GetVal v="generate code" />
                    <PutVal v="generate code" />
                    <ClrVal v="generate code" />
                    <SetVal v="generate code" />
                    <NegVal v="don&amp;apos;t generate code" />
                    <ConnectPin v="don&amp;apos;t generate code" />
                    <GetRawVal v="don&amp;apos;t generate code" />
                  </Methods>
                  <Events>
                    <EmptySection_DummyValue />
                  </Events>
                </inhrbean>
                <Direction v="Input/Output" />
                <group name="Initialization">
                  <Init__direction v="Output" />
                  <Init__value v="0" />
                </group>
                <Safe_mode v="yes" />
                <Optimization_for v="speed" />
              </Properties>
              <Methods>
                <GetDir v="don&amp;apos;t generate code" />
                <SetDir v="generate code" />
                <SetInput v="generate code" />
                <SetOutput v="generate code" />
                <GetVal v="generate code" />
                <PutVal v="generate code" />
                <ClrVal v="generate code" />
                <SetVal v="generate code" />
                <NegVal v="don&amp;apos;t generate code" />
                <ConnectPin v="don&amp;apos;t generate code" />
                <GetRawVal v="don&amp;apos;t generate code" />
              </Methods>
              <Events>
                <EmptySection_DummyValue />
              </Events>
            </inhrbean>
          </boolgroup>
          <boolgroup name="Bits/Byte Bus" v="Disabled" />
        </group>
      </group>
      <group name="System Interface">
        <Wait v="WAIT1" />
        <SDK v="MCUC1" />
      </group>
    </Properties>
    <Methods>
      <WriteLCDCommand v="generate code" />
      <Write v="generate code" />
      <WriteLn v="generate code" />
      <WriteLineStr v="generate code" />
      <WriteString v="generate code" />
      <LoadSoftChar v="don&amp;apos;t generate code" />
      <ShiftLeft v="generate code" />
      <ShiftRight v="generate code" />
      <GotoXY v="generate code" />
      <SetEntryMode v="generate code" />
      <DisplayOn v="don&amp;apos;t generate code" />
      <DisplayOff v="don&amp;apos;t generate code" />
      <CursorOn v="don&amp;apos;t generate code" />
      <CursorOff v="don&amp;apos;t generate code" />
      <CursorShiftRight v="generate code" />
      <CursorShiftLeft v="generate code" />
      <BlinkingOn v="don&amp;apos;t generate code" />
      <BlinkingOff v="don&amp;apos;t generate code" />
      <Home v="generate code" />
      <Line v="generate code" />
      <Clear v="generate code" />
      <UseDisplay v="generate code" />
      <DeInit v="generate code" />
    </Methods>
    <Events>
      <EmptySection_DummyValue />
    </Events>
  </Bean>
  <Bean name="WAIT1" type="Wait">
    <Enabled v="Y" />
    <Properties>
      <Component_name v="WAIT1" />
      <SDK v="MCUC1" />
      <boolgroup name="Use Cycle Counter" v="Disabled" />
      <boolgroup name="Manual Clock Values" v="Disabled" />
      <Delay100usFunction v="Delay100US" />
      <boolgroup name="RTOS" v="Disabled" />
      <boolgroup name="Watchdog" v="Disabled" />
    </Properties>
    <Methods>
      <Wait10Cycles v="generate code" />
      <Wait100Cycles v="generate code" />
      <WaitCycles v="generate code" />
      <WaitLongCycles v="generate code" />
      <Waitms v="generate code" />
      <Waitus v="generate code" />
      <Waitns v="generate code" />
      <WaitOSms v="generate code" />
      <Init v="generate code" />
      <DeInit v="generate code" />
    </Methods>
    <Events>
      <EmptySection_DummyValue />
    </Events>
  </Bean>
  <Bean name="Bit1" type="BitIO">
    <Enabled v="Y" />
    <Properties>
      <Component_name v="Bit1" />
      <Pin_for_I_O v="J1_10" />
      <inhrbean type="BitIO_LDD">
        <Enabled v="Y" />
        <Template v="BitIO_LDD" />
        <Properties>
          <Component_name v="BitIoLdd15" />
          <Pin_for_I_O v="J1_10" />
          <Direction v="Input" />
          <group name="Initialization">
            <Init__direction v="Input" />
            <Init__value v="0" />
            <Auto_initialization v="yes" />
          </group>
          <Safe_mode v="yes" />
        </Properties>
        <Methods>
          <Init v="generate code" />
          <Deinit v="don&amp;apos;t generate code" />
          <GetDir v="don&amp;apos;t generate code" />
          <SetDir v="don&amp;apos;t generate code" />
          <SetInput v="don&amp;apos;t generate code" />
          <SetOutput v="don&amp;apos;t generate code" />
          <GetVal v="generate code" />
          <PutVal v="don&amp;apos;t generate code" />
          <ClrVal v="don&amp;apos;t generate code" />
          <SetVal v="don&amp;apos;t generate code" />
          <NegVal v="don&amp;apos;t generate code" />
          <ConnectPin v="don&amp;apos;t generate code" />
          <GetRawVal v="don&amp;apos;t generate code" />
        </Methods>
        <Events>
          <EmptySection_DummyValue />
        </Events>
      </inhrbean>
      <Direction v="Input" />
      <group name="Initialization">
        <Init__direction v="Input" />
        <Init__value v="0" />
      </group>
      <Safe_mode v="yes" />
      <Optimization_for v="speed" />
    </Properties>
    <Methods>
      <GetDir v="don&amp;apos;t generate code" />
      <SetDir v="don&amp;apos;t generate code" />
      <SetInput v="don&amp;apos;t generate code" />
      <SetOutput v="don&amp;apos;t generate code" />
      <GetVal v="generate code" />
      <PutVal v="don&amp;apos;t generate code" />
      <ClrVal v="don&amp;apos;t generate code" />
      <SetVal v="don&amp;apos;t generate code" />
      <NegVal v="don&amp;apos;t generate code" />
      <ConnectPin v="don&amp;apos;t generate code" />
      <GetRawVal v="don&amp;apos;t generate code" />
    </Methods>
    <Events>
      <EmptySection_DummyValue />
    </Events>
  </Bean>
  <Bean name="Bit2" type="BitIO">
    <Enabled v="Y" />
    <Properties>
      <Component_name v="Bit2" />
      <Pin_for_I_O v="J1_11" />
      <inhrbean type="BitIO_LDD">
        <Enabled v="Y" />
        <Template v="BitIO_LDD" />
        <Properties>
          <Component_name v="BitIoLdd16" />
          <Pin_for_I_O v="J1_11" />
          <Direction v="Input" />
          <group name="Initialization">
            <Init__direction v="Input" />
            <Init__value v="0" />
            <Auto_initialization v="yes" />
          </group>
          <Safe_mode v="yes" />
        </Properties>
        <Methods>
          <Init v="generate code" />
          <Deinit v="don&amp;apos;t generate code" />
          <GetDir v="don&amp;apos;t generate code" />
          <SetDir v="don&amp;apos;t generate code" />
          <SetInput v="don&amp;apos;t generate code" />
          <SetOutput v="don&amp;apos;t generate code" />
          <GetVal v="generate code" />
          <PutVal v="don&amp;apos;t generate code" />
          <ClrVal v="don&amp;apos;t generate code" />
          <SetVal v="don&amp;apos;t generate code" />
          <NegVal v="don&amp;apos;t generate code" />
          <ConnectPin v="don&amp;apos;t generate code" />
          <GetRawVal v="don&amp;apos;t generate code" />
        </Methods>
        <Events>
          <EmptySection_DummyValue />
        </Events>
      </inhrbean>
      <Direction v="Input" />
      <group name="Initialization">
        <Init__direction v="Input" />
        <Init__value v="0" />
      </group>
      <Safe_mode v="yes" />
      <Optimization_for v="speed" />
    </Properties>
    <Methods>
      <GetDir v="don&amp;apos;t generate code" />
      <SetDir v="don&amp;apos;t generate code" />
      <SetInput v="don&amp;apos;t generate code" />
      <SetOutput v="don&amp;apos;t generate code" />
      <GetVal v="generate code" />
      <PutVal v="don&amp;apos;t generate code" />
      <ClrVal v="don&amp;apos;t generate code" />
      <SetVal v="don&amp;apos;t generate code" />
      <NegVal v="don&amp;apos;t generate code" />
      <ConnectPin v="don&amp;apos;t generate code" />
      <GetRawVal v="don&amp;apos;t generate code" />
    </Methods>
    <Events>
      <EmptySection_DummyValue />
    </Events>
  </Bean>
</PE_PROJECT_SETTINGS_DOCUMENTATION>

